name,player_points,player_field_goals_made,player_field_goals_missed,player_field_goals_att,player_free_throws_made,player_free_throws_missed,player_free_throws_att,player_three_points_made,player_three_points_missed,player_three_points_att,player_rebounds,player_assists,player_steals,player_blocks,player_turnovers,player_pls_min,mojo_value
Aaron Gordon,8500,2475,3597,5195,1051,634,1552,685,1090,1645,3995,1617,465,409,943,491,85.18249999999998
Aaron Holiday,2100,773,1086,1859,272,54,326,282,457,739,516,697,208,64,303,178,19.145000000000007
Aaron Nesmith,1180,411,574,985,167,35,202,191,371,562,521,147,93,53,131,-207,10.167499999999997
Aaron Wiggins,895,342,358,700,121,35,156,90,170,260,388,148,69,25,109,-226,7.942500000000001
AJ Griffin,112,40,52,92,14,1,15,18,25,43,34,13,3,5,8,67,1.1199999999999999
Alec Burks,7521,1845,3490,4385,1255,428,1532,783,1041,1697,2443,1418,484,144,844,-663,60.577500000000015
Aleksej Pokusevski,1107,433,680,1113,88,39,127,153,355,508,689,292,79,123,236,-633,8.467500000000001
Alex Caruso,1957,683,918,1601,333,109,442,258,465,723,836,873,379,133,386,778,26.70250000000001
Alex Len,4453,1068,1657,1994,534,425,809,110,209,315,3432,504,229,564,699,-1457,44.857499999999995
Al Horford,15717,2319,6227,4738,520,567,661,904,1091,1766,9538,3904,930,1400,1717,2643,189.945
Alperen Sengun,1808,694,635,1329,371,149,520,49,127,176,1075,477,129,140,340,-585,17.8325
Amir Coffey,989,334,433,767,185,47,232,136,231,367,303,217,60,22,90,-187,8.58
Andre Drummond,10551,2681,3760,4892,1089,1818,1970,15,91,101,10134,1048,1039,1100,1520,-756,123.27250000000001
Andre Iguodala,15629,925,6559,1998,296,1354,485,1263,637,946,6823,5765,1982,721,2477,3213,189.015
Andrew Nembhard,245,101,101,202,19,7,26,24,32,56,41,108,12,1,33,-113,2.0075000000000003
Andrew Wiggins,12821,3013,5861,6694,1070,884,1583,989,1418,2211,3099,1554,676,467,1295,-195,98.1275
Anfernee Simons,3520,1252,1648,2900,403,68,471,613,962,1575,644,688,126,39,363,-467,26.182500000000005
Anthony Davis,17391,4136,5955,7882,2684,1034,3352,349,628,905,7522,1714,965,1651,1434,937,183.69749999999993
Anthony Edwards,5184,1868,2356,4224,811,236,1047,637,1163,1800,1187,881,328,157,632,22,41.045
Anthony Gill,455,163,141,304,104,31,135,25,55,80,239,72,22,27,44,15,4.945
Austin Reaves,1547,495,507,1002,379,61,440,178,293,471,457,398,72,42,164,341,16.482499999999998
Austin Rivers,6437,1427,3310,3418,461,432,700,856,1099,1702,1561,1596,530,123,784,-572,50.097500000000025
Ayo Dosunmu,1391,569,566,1135,120,41,161,133,257,390,447,475,124,55,210,-306,13.355
Bam Adebayo,7249,2790,2287,5077,1661,535,2196,8,60,68,4164,1664,490,418,1056,778,81.74
Bennedict Mathurin,1301,413,538,951,375,77,452,100,210,310,318,116,48,13,152,-179,8.620000000000001
Ben Simmons,5212,2141,1654,3795,925,661,1586,5,33,38,2776,2669,575,254,1133,1109,65.17000000000003
Blake Griffin,15799,2453,6070,5240,1496,1465,2013,569,987,1482,6646,3297,697,412,1875,2510,147.4675
Boban Marjanovic,1970,568,550,985,315,136,412,10,34,44,1277,171,62,102,231,302,21.155
Bobby Portis,6399,2205,2873,4635,542,204,710,615,913,1476,3964,676,317,202,603,-88,62.85499999999999
Bogdan Bogdanovic,5688,2085,2665,4750,547,122,669,971,1549,2520,1369,1314,406,102,574,-23,50.29250000000001
Bojan Bogdanovic,10959,2780,4469,5969,1482,307,1718,1475,1613,2703,2605,1166,404,53,1174,-129,83.225
Bol Bol,766,308,267,575,104,35,139,46,103,149,447,89,37,102,136,-208,7.465000000000001
Bones Hyland,1439,483,732,1215,212,38,250,261,451,712,335,382,86,37,178,-72,11.857500000000002
Bradley Beal,16499,4197,7113,9054,2052,606,2468,1629,1863,2920,3045,3148,841,311,1821,310,130.22249999999997
Brandon Boston,486,176,271,447,88,22,110,46,94,140,141,71,35,13,44,-83,3.3500000000000005
Brandon Clarke,2706,1137,741,1878,383,163,546,49,122,171,1417,360,175,215,189,147,31.745000000000005
Brandon Ingram,8096,2662,3385,5643,1526,455,1900,569,870,1385,2183,1713,298,231,1062,-347,63.91250000000001
Brook Lopez,16607,2369,6411,4844,860,768,1067,868,1377,2107,6408,1405,596,1859,1679,709,157.94000000000005
Bruce Brown,3383,1328,1409,2737,497,157,654,230,453,683,1649,917,361,214,424,-38,38.8
Bruno Fernando,538,218,195,413,96,53,149,6,39,45,469,97,29,65,102,-217,5.625
Bryce McGowens,131,41,56,97,36,12,48,13,28,41,39,27,7,2,26,-71,0.7625
Bryn Forbes,4034,1405,1888,3215,353,79,431,776,1086,1843,780,548,166,17,310,-100,31.06749999999998
Buddy Hield,8836,2889,4172,6636,664,120,773,1710,2323,3891,2406,1408,477,162,963,-773,71.1975
Cade Cunningham,1371,529,739,1268,179,33,212,134,296,430,435,437,90,52,276,-322,9.7975
Caleb Martin,1976,736,848,1584,251,81,332,253,437,690,915,312,208,91,212,113,20.545
Cameron Johnson,2935,1010,1223,2233,356,65,421,559,855,1414,979,379,207,72,188,486,30.629999999999995
Cameron Payne,2962,969,1607,2273,247,64,301,394,569,899,824,1244,250,87,464,55,27.490000000000006
Cam Reddish,1837,632,941,1573,337,63,400,236,482,718,527,234,187,68,239,-704,12.655000000000001
Cam Thomas,1180,422,544,966,238,41,279,98,211,309,257,157,53,15,119,-154,8.084999999999999
Caris LeVert,5807,1991,2792,4582,827,326,1127,599,1005,1545,1568,1610,427,135,753,-348,48.1725
Cedi Osman,3984,1437,1939,3376,475,193,668,635,1174,1809,1256,826,283,61,442,-1123,31.102499999999992
Charles Bassey,270,118,66,184,31,19,50,3,9,12,260,56,21,51,49,-70,3.7925000000000004
Chimezie Metu,1192,466,482,948,181,59,240,79,186,265,715,151,96,79,148,-126,11.93
Chris Boucher,2868,1023,1077,2100,543,154,697,279,553,832,1701,147,160,345,167,345,33.230000000000004
Chris Duarte,1082,391,563,954,151,33,184,149,280,429,341,178,81,19,131,-169,8
Chris Paul,24802,3249,9814,6916,1670,796,1909,1898,1529,2423,6211,12800,2840,225,3279,6180,297.4900000000001
Christian Braun,168,66,66,132,25,15,40,11,31,42,85,24,26,10,19,-37,2.575
Christian Koloko,24,11,13,24,2,4,6,0,3,3,24,9,8,9,2,29,0.5375
Christian Wood,4270,1518,1440,2918,771,351,1113,380,611,988,2112,420,167,262,437,-563,40.647499999999994
Chuma Okeke,1082,394,627,1021,101,25,126,193,405,598,624,256,164,75,112,-617,10.475000000000001
CJ McCollum,14182,3854,6602,8589,1058,400,1361,1722,2002,3258,2647,2659,646,292,1333,819,112.69750000000002
Clint Capela,7369,2573,1931,4090,730,833,1313,0,3,3,6474,600,423,902,652,1245,98.61000000000003
Coby White,3429,1244,1733,2977,373,64,437,568,988,1556,925,892,171,38,415,-211,27.69250000000001
Cody Martin,1024,390,464,854,146,76,222,98,210,308,628,371,168,54,147,-127,12.2525
Cody Zeller,4413,1022,1525,1960,618,393,861,32,106,136,3107,712,326,335,558,80,49.4075
Cole Anthony,2423,843,1211,2054,475,77,552,262,498,760,848,790,113,66,366,-595,19.384999999999998
Collin Sexton,5062,1871,2159,4030,944,199,1143,376,612,988,773,861,209,29,628,-1470,31.687500000000007
Corey Kispert,1454,525,574,1099,129,21,150,275,429,704,416,172,67,31,105,-84,13.1425
Cory Joseph,6018,1367,2901,3150,500,243,616,499,684,1064,2117,2539,639,185,875,-68,61.25999999999998
Daishen Nix,303,108,196,304,40,26,66,47,119,166,131,172,46,7,112,-197,1.8900000000000001
Dalano Banton,354,140,194,334,46,28,74,28,74,102,171,136,42,23,72,-13,3.3550000000000004
Dalen Terry,39,14,18,32,9,2,11,2,10,12,18,7,7,1,2,24,0.48750000000000004
Damian Jones,1273,487,257,732,250,107,349,23,37,60,818,178,87,170,166,-619,14.754999999999999
Damian Lillard,21036,4290,8771,9690,3210,566,3558,2609,2871,4617,3541,5541,807,258,2386,1803,180.12249999999995
Damion Lee,2433,847,1106,1953,355,50,405,384,642,1026,1019,422,192,28,245,-20,22.647500000000004
DAngelo Russell,9155,2575,4495,5998,956,334,1199,1290,1800,2827,1799,2942,568,154,1443,-1305,70.16500000000003
Daniel Gafford,2041,844,347,1191,353,179,532,0,1,1,1206,205,107,339,223,-271,25.722500000000004
Daniel Theis,2599,1033,875,1908,366,142,508,167,366,533,1714,429,162,298,285,187,31.96750000000001
Danilo Gallinari,11987,1535,4953,3528,1173,437,1288,1500,1020,1686,3729,1482,565,271,947,987,106.49499999999999
Danny Green,8542,1571,4200,3786,264,155,336,1892,1591,2634,3366,1476,1028,759,968,4050,108.8375
Danuel House Jr.,2194,753,999,1752,305,98,403,383,695,1078,924,326,161,96,213,134,21.324999999999996
Dario Saric,4795,1339,2155,2959,619,150,723,589,805,1290,2404,827,252,91,651,123,43.29500000000001
Darius Bazley,2111,768,1102,1870,332,158,490,243,528,771,1263,281,132,173,290,-1100,16.374999999999996
Darius Garland,4748,1746,2149,3895,688,103,791,568,898,1466,659,1707,292,27,781,271,39.315000000000005
David Duke Jr.,191,76,113,189,29,9,38,10,40,50,96,38,24,8,28,-49,1.4775
David Roddy,176,68,95,163,10,6,16,30,58,88,79,29,4,9,13,-32,1.4625
Davion Mitchell,1361,552,736,1288,86,36,122,171,373,544,280,510,105,40,182,-293,10.955000000000002
Davis Bertans,3550,1036,1571,2463,374,70,436,850,1190,1966,1174,434,193,164,244,580,35.67750000000001
Davon Reed,358,130,195,325,34,16,50,64,106,170,210,91,49,14,47,-188,3.3325000000000005
DayRon Sharpe,431,181,142,323,61,37,98,8,10,18,366,59,25,48,74,-51,4.8775
DeAaron Fox,8172,3024,3397,6421,1620,580,2200,504,1067,1571,1486,2524,536,169,1114,-702,66.8625
Deandre Ayton,5775,2540,1690,4230,672,231,903,23,65,88,3633,557,234,340,584,365,65.12999999999997
DeAndre Hunter,3120,1129,1399,2528,517,131,648,345,615,960,929,331,143,74,310,-225,23.6825
DeAndre Jordan,9711,1646,1891,2443,748,2123,1356,2,2,3,11003,1017,595,1643,1463,1021,142.50750000000002
DeAnthony Melton,2903,1047,1516,2563,324,98,422,485,843,1328,1234,894,458,169,464,395,31.70500000000001
Dean Wade,873,315,404,719,67,28,95,176,311,487,537,165,94,53,66,-94,10.13
Dejounte Murray,5742,2258,2772,4926,676,196,856,370,710,1071,2398,2063,598,108,786,10,57.057500000000005
Delon Wright,3503,1186,1528,2590,526,151,648,334,577,895,1564,1500,597,176,467,404,44.570000000000014
DeMar DeRozan,23133,4601,9577,9589,3332,1141,3915,481,705,1006,4885,4355,1095,330,2291,-224,177.96249999999992
Deni Avdija,1724,633,837,1470,254,92,346,204,455,659,1174,441,156,88,243,-197,18.1275
Dennis Schroder,10444,2562,5045,5946,1307,370,1562,873,1219,1832,2149,3454,614,98,1702,191,81.25749999999998
Dennis Smith Jr.,2798,1080,1601,2681,399,199,598,239,563,802,807,1184,309,97,567,-907,20.804999999999996
Derrick Favors,8682,1729,3080,3051,652,800,993,40,141,177,5846,883,604,981,1025,-66,94.90749999999997
Derrick Jones Jr.,2197,754,798,1508,371,168,529,168,378,544,1136,240,221,235,185,-3,24.829999999999995
Derrick Rose,13523,1473,6376,3219,534,468,616,643,470,726,2505,4022,577,264,1881,524,103.345
Derrick White,4620,1603,1977,3580,849,157,1006,565,1021,1586,1307,1452,298,319,513,1017,50.78750000000001
Desmond Bane,3663,1332,1514,2846,420,55,475,579,782,1361,934,638,207,79,333,785,34.940000000000005
Devin Booker,13919,4021,5684,8478,2409,438,2746,1194,1719,2689,2339,2746,495,164,1791,-58,106.19499999999996
Devin Vassell,1916,710,952,1662,204,46,250,292,504,796,628,328,162,76,137,-328,16.9125
Devon Dotson,55,23,31,54,5,4,9,4,16,20,24,30,10,0,8,27,0.6775
Devonte Graham,3652,1160,1959,3119,582,134,716,750,1355,2105,737,1408,250,52,457,-273,31.635000000000012
Dewayne Dedmon,3378,976,1200,1925,356,200,466,189,381,570,3078,369,261,417,519,-374,40.934999999999995
Dillon Brooks,5366,2014,2854,4868,721,191,912,617,1197,1814,1147,789,344,103,580,286,37.95499999999999
D.J. Augustin,9570,1347,4432,3158,893,320,1013,1308,949,1582,1850,3854,581,34,1470,-1473,80.10499999999999
Domantas Sabonis,7728,2820,2496,5027,1442,555,1974,216,345,510,4946,2124,389,233,1227,443,84.83000000000001
Donovan Mitchell,11426,4076,5056,9132,1921,362,2283,1353,2358,3711,1958,2088,613,145,1298,1685,91.5675
Donte DiVincenzo,2632,938,1306,2244,272,83,355,484,865,1349,1348,814,336,66,417,831,30.000000000000007
Dorian Finney-Smith,4149,1395,1944,3135,320,139,444,754,1196,1896,2304,726,406,218,443,491,45.58
Doug McDermott,5546,1535,2333,3177,353,118,443,856,933,1586,1389,594,128,61,405,-342,43.665
Draymond Green,8411,1695,3791,3703,724,586,999,769,905,1275,6683,5215,1274,987,2131,5190,150.6225
Drew Eubanks,1523,609,394,1003,290,110,400,15,29,44,1160,252,96,213,222,-646,17.977500000000003
Duane Washington Jr.,717,267,416,683,62,23,85,121,205,326,119,148,32,7,91,-131,4.2275
Duncan Robinson,3672,1220,1613,2833,267,41,308,965,1448,2413,899,494,168,63,286,538,36.4175
Dwight Powell,4533,1325,1126,2086,805,370,1097,121,220,315,2741,608,378,274,427,283,54.610000000000014
Dylan Windler,276,96,135,231,36,9,45,48,101,149,196,68,34,15,49,-73,2.9124999999999996
Dyson Daniels,42,15,30,45,6,1,7,6,15,21,40,29,8,0,14,-22,0.4325
Eric Gordon,14052,2298,6387,5407,1031,567,1283,2038,1924,3010,2109,2432,724,319,1678,-256,104.21249999999999
Eugene Omoruyi,285,103,130,233,53,26,79,26,65,91,118,30,28,3,34,-38,2.2325
Evan Fournier,9609,2309,4363,5280,811,343,1013,1359,1620,2599,1874,1746,607,104,1094,-952,72.8375
Evan Mobley,2378,977,864,1841,378,188,566,46,152,198,1342,410,119,241,292,433,26.147499999999994
Frank Jackson,1816,656,901,1557,257,70,327,247,496,743,392,222,84,16,169,-394,11.812499999999998
Frank Kaminsky,3702,805,1772,1802,375,205,501,434,454,706,1623,673,182,154,320,68,33.9975
Frank Ntilikina,1559,585,995,1580,178,56,234,211,447,658,573,703,221,67,337,-315,13.152500000000002
Franz Wagner,2663,991,1092,2083,458,79,537,223,403,626,683,515,143,51,284,-206,22.067500000000003
Fred VanVleet,6614,2190,3336,5455,1023,161,1180,1105,1840,2932,1498,2382,606,186,750,1489,69.35250000000002
Furkan Korkmaz,2295,796,1169,1965,290,90,380,413,755,1168,665,385,173,45,215,314,19.909999999999997
Gabe Vincent,1924,689,1041,1730,181,28,209,365,702,1067,399,587,183,28,282,65,17.387500000000003
Garrett Temple,4519,998,2411,2507,325,205,430,714,906,1370,1661,1214,590,238,658,-1156,40.269999999999996
Garrison Mathews,1363,378,581,959,310,57,367,297,517,814,376,126,118,37,78,-408,11.7875
Gary Harris,6226,1580,2840,3576,560,179,676,838,1022,1636,1346,1080,620,125,617,-122,53.28
Gary Payton II,1001,411,325,722,69,46,113,91,163,253,546,206,192,56,112,53,15.4225
Gary Trent Jr.,4040,1434,1990,3424,492,101,593,680,1096,1776,647,404,341,64,204,-88,31.952499999999993
George Hill,11137,1459,4664,3147,709,502,881,1241,850,1362,3156,3176,929,266,1275,2707,113.79250000000009
Georges Niang,2715,957,1242,2172,162,23,185,621,917,1537,871,354,122,51,248,374,24.7275
Giannis Antetokounmpo,18559,5162,5828,9443,3440,1937,5013,561,1164,1641,7891,3813,905,1018,2400,2602,195.33500000000012
Goga Bitadze,919,353,368,721,156,74,230,57,170,227,570,154,56,165,113,-39,10.682499999999997
Goran Dragic,13450,2226,5834,4907,1068,715,1376,1237,1113,1759,3025,4612,915,175,2177,598,116.39249999999998
Gordon Hayward,12629,2054,5290,4491,1071,566,1289,1119,922,1428,3652,2869,798,316,1579,430,111.195
Gorgui Dieng,4606,855,1775,1784,399,245,518,197,314,488,3552,840,470,553,686,-1090,53.61750000000002
Grant Williams,2121,727,880,1607,309,88,397,358,566,924,1152,388,157,181,279,430,24.732499999999995
Grayson Allen,2755,927,1205,2132,359,63,422,542,828,1370,788,473,182,53,243,176,25.722500000000004
Greg Brown III,253,92,126,218,49,28,77,20,48,68,154,38,30,29,42,-246,1.8825000000000003
Hamidou Diallo,2283,911,932,1843,384,233,617,77,205,282,1013,283,223,78,281,-504,18.907500000000006
Harrison Barnes,12558,2769,5394,6188,1772,577,2173,1215,1417,2274,4534,1595,629,177,1080,258,110.41250000000002
Herbert Jones,1458,531,591,1122,277,69,346,119,230,349,585,340,244,107,196,204,16.8425
Immanuel Quickley,2923,965,1374,2339,557,93,650,436,765,1201,741,694,171,29,272,784,27.175000000000004
Isaac Okoro,1762,631,744,1375,317,104,421,183,374,557,602,342,177,78,192,-175,16.5
Isaiah Hartenstein,1403,575,422,997,227,105,332,26,58,84,1238,364,147,219,228,391,21.0375
Isaiah Jackson,752,295,229,524,155,79,234,7,23,30,431,61,56,145,92,-163,8.4375
Isaiah Joe,1049,337,489,826,129,26,155,246,394,640,269,144,74,15,72,247,9.954999999999998
Isaiah Livers,467,161,217,378,44,9,53,101,166,267,200,62,41,35,45,-210,4.2875
Isaiah Roby,1159,440,468,908,185,89,274,94,174,268,667,216,106,78,188,-736,10
Isaiah Stewart,1703,676,673,1349,248,96,344,103,211,314,1483,211,82,199,222,-665,18.407500000000002
Isaiah Todd,29,10,34,44,4,4,8,5,21,26,24,8,5,2,6,-31,0.06999999999999998
Ish Smith,5637,1435,3228,3258,255,240,376,306,384,576,1876,2933,537,197,952,-766,51.1575
Ish Wainright,375,131,216,347,33,10,43,80,162,242,205,69,59,30,38,138,4.465
Ivica Zubac,4110,1506,1078,2472,813,288,1084,1,8,9,3368,506,150,427,542,245,50.57
Jabari Smith Jr.,375,139,179,318,62,17,79,35,74,109,203,40,17,23,30,-208,2.9700000000000006
Jabari Walker,59,23,35,58,5,3,8,8,13,21,26,10,2,2,9,-52,0.27749999999999997
Jaden Hardy,82,32,37,69,4,2,6,14,18,32,22,21,4,2,10,-6,0.7125
Jaden Ivey,401,137,192,329,79,20,99,48,82,130,78,145,11,4,86,-227,2.2525
Jaden McDaniels,2095,812,869,1681,200,72,272,271,471,742,851,302,163,201,240,-12,21.294999999999995
Jaden Springer,59,25,21,46,7,3,10,2,4,6,20,10,8,5,5,-6,0.635
Jae Crowder,8329,1697,4025,4201,678,359,881,1376,1776,2719,3797,1417,850,312,743,1483,88.14250000000001
JaeSean Tate,2008,793,794,1587,286,121,407,136,307,443,919,484,179,85,286,-691,18.4375
Jakob Poeltl,4042,1710,1062,2719,445,405,822,2,4,6,3279,816,286,620,544,518,56.12000000000002
Jalen Brunson,5669,2140,2228,4368,916,206,1122,473,770,1243,1239,1593,250,29,546,625,52.112500000000004
Jalen Duren,169,71,37,108,27,17,44,0,1,1,141,20,12,13,29,-54,1.905
Jalen Green,2860,980,1345,2325,552,147,699,348,673,1021,512,459,105,37,335,-967,17.3275
Jalen Johnson,473,190,200,390,56,31,87,37,92,129,323,94,44,36,56,-26,5.315
Jalen McDaniels,1549,578,667,1245,228,63,291,165,313,478,766,259,146,78,188,-295,14.814999999999998
Jalen Smith,1170,442,470,912,187,59,246,99,232,331,743,95,37,105,122,-80,11.677500000000002
Jalen Suggs,1104,390,610,1000,213,71,284,111,292,403,333,364,126,46,238,-256,8.07
Jalen Williams,410,155,129,284,73,10,83,27,36,63,118,95,37,6,40,-19,4.1875
Jamal Murray,8282,2751,3695,6026,1101,170,1257,997,1425,2307,1787,2063,457,138,950,1660,77.875
James Bouknight,333,118,216,334,47,14,61,50,108,158,124,67,21,6,47,-145,1.8599999999999999
James Harden,28435,4546,10733,10367,4330,1359,4988,3185,3286,5115,6564,8070,1792,630,4311,4264,266.66249999999997
James Johnson,5929,1079,2604,2298,370,407,541,394,529,760,2760,1630,586,658,1058,-711,59.75750000000001
James Wiseman,898,380,327,707,122,61,183,16,42,58,493,56,18,63,111,-510,6.72
Ja Morant,6091,2212,2491,4703,1314,431,1745,353,737,1090,1329,2003,276,74,892,544,51.86250000000001
JaMychal Green,4516,1179,1848,2482,414,179,522,470,671,1068,3167,527,310,238,599,-669,45.61249999999998
Jared Butler,198,76,109,185,11,5,16,35,67,102,50,71,22,8,38,-8,1.7025000000000001
Jaren Jackson Jr.,4774,1675,1956,3631,938,247,1185,486,900,1386,1645,325,263,606,488,402,45.80499999999999
Jarred Vanderbilt,1613,653,509,1162,268,146,414,39,101,140,1698,375,273,130,256,-49,23.522499999999994
Jarrett Allen,5069,2001,1182,3183,1048,435,1483,19,88,107,3774,614,251,568,575,-62,63.15999999999998
Jarrett Culver,941,370,555,925,109,105,214,92,243,335,409,174,102,54,138,-291,6.6425
Jason Preston,41,18,23,41,0,2,2,5,13,18,22,27,2,0,10,-13,0.375
JaVale McGee,7138,1367,2214,2237,380,668,574,14,55,68,4746,399,352,1312,912,-606,82.92750000000001
Javonte Green,952,357,323,680,169,56,225,69,138,207,544,128,152,67,96,60,11.7225
Jaxson Hayes,1843,694,424,1118,425,167,592,30,77,107,978,169,104,169,181,-153,20.43
Jay Huff,51,15,13,28,15,1,16,6,8,14,25,11,4,5,6,8,0.6699999999999999
Jaylen Brown,10384,3669,4240,7652,1417,569,1941,1097,1792,2838,3041,1293,557,213,1183,1399,89.46750000000002
Jaylen Nowell,1689,646,816,1462,211,54,265,186,396,582,406,347,95,28,134,-48,13.765
Jaylin Williams,15,5,7,12,1,1,2,4,4,8,11,5,2,0,2,-4,0.1775
Jay Scrubb,97,37,52,89,13,4,17,10,22,32,37,10,10,3,17,-6,0.675
Jayson Tatum,12157,4232,5052,9284,2393,444,2837,1300,2196,3496,3798,1893,603,391,1266,2774,113.54250000000003
JD Davison,13,5,3,8,1,1,2,2,2,4,4,8,0,2,3,2,0.1775
Jeff Dowtin Jr.,80,33,50,83,8,3,11,6,19,25,41,41,14,4,10,-35,0.8400000000000001
Jeff Green,14598,2147,6506,4630,1206,701,1476,1217,1162,1780,4974,1818,781,606,1627,-1894,114.72000000000006
Jerami Grant,7987,2209,3274,4751,1324,613,1697,766,1094,1733,2601,936,418,698,771,-1144,69.37250000000003
Jeremiah Robinson-Earl,658,244,328,572,75,21,96,95,181,276,454,92,53,26,58,-250,6.2675
Jeremy Sochan,64,27,23,50,6,3,9,4,11,15,28,9,3,0,9,-6,0.5325
Jericho Sims,268,122,39,161,24,21,45,0,1,1,411,46,26,50,47,-35,4.859999999999999
Jevon Carter,1669,602,903,1505,101,25,126,364,558,922,610,535,201,80,199,-17,17.400000000000006
Jimmy Butler,16240,3437,6077,7265,3178,925,3775,737,964,1390,4774,3733,1453,412,1446,2051,167.60250000000005
Jock Landale,764,296,272,568,122,38,160,50,124,174,446,116,29,47,92,150,8.254999999999999
Joe Harris,5372,1753,2160,3627,347,115,441,1062,1199,2143,1598,805,248,95,543,-206,47.86749999999999
Joe Ingles,5884,1601,2560,3539,367,140,471,1260,1414,2397,2219,2542,630,105,1051,1778,69.49500000000003
Joel Embiid,12055,3769,4010,7558,3434,799,4182,514,982,1461,5010,1506,393,750,1529,2553,116.92749999999998
Joe Wieskamp,70,23,47,70,7,6,13,17,38,55,18,12,4,3,3,2,0.5200000000000001
John Collins,6156,2415,1984,4399,944,263,1207,382,693,1075,3114,567,223,396,564,-320,62.02499999999998
John Konchar,964,371,407,778,83,36,119,139,241,380,844,287,164,63,93,294,14.8675
John Wall,12963,1678,6213,3982,963,821,1275,689,723,1067,2880,6117,1117,480,2569,-61,114.81500000000003
Jonas Valanciunas,11140,3050,3479,5448,1316,561,1667,198,360,557,7916,1024,335,801,1395,588,120.28749999999997
Jonathan Isaac,1357,506,675,1181,201,53,254,144,297,441,816,154,161,215,160,-152,14.830000000000004
Jonathan Kuminga,1437,541,504,1045,245,118,363,110,207,317,501,203,77,55,184,-81,12.315000000000003
Jordan Clarkson,10992,2954,5301,6737,988,290,1177,1298,2024,3063,2326,1849,572,108,1237,-1073,77.80250000000001
Jordan McLaughlin,910,348,438,786,97,34,131,117,223,340,327,665,179,24,155,-97,12.115000000000002
Jordan Nwora,1219,448,621,1069,128,35,163,195,317,512,522,157,66,40,148,-343,9.355000000000004
Jordan Poole,4702,1571,2130,3701,898,126,1024,662,1287,1949,785,1035,211,74,632,187,38.307500000000005
Jose Alvarado,928,348,468,816,111,35,146,121,252,373,249,347,145,18,128,219,9.862499999999999
Josh Christopher,959,377,452,829,128,45,173,77,201,278,257,223,98,28,174,-497,6.345
Josh Giddey,1936,821,969,1790,162,64,226,132,316,448,1029,820,108,51,383,-397,17.5125
Josh Green,989,385,374,759,114,56,170,105,189,294,433,217,108,22,133,141,10.502500000000001
Josh Hart,3775,1348,1550,2898,581,206,787,498,929,1427,2375,928,370,128,481,-93,42.525000000000006
Josh Okogie,2140,694,1036,1730,539,179,718,213,528,741,991,405,298,136,288,-339,20.179999999999996
Josh Richardson,6160,1891,3020,4407,733,158,851,837,1223,1919,1643,1400,555,302,719,122,55.54
Jrue Holiday,16102,3598,7478,7599,1071,557,1385,1456,1597,2489,4067,6350,1452,490,2639,2300,159.5125
JT Thor,329,119,174,293,45,22,67,46,104,150,195,55,30,34,54,-170,2.7575000000000007
Juancho Hernangomez,1728,502,804,1187,208,127,316,271,454,683,1146,221,133,71,170,-126,17.4575
Juan Toscano-Anderson,834,333,327,660,85,48,133,83,167,250,597,376,120,59,187,-110,10.575
Julius Randle,11387,3410,4721,7274,2042,830,2719,694,1319,1986,5725,2216,422,259,1699,-1371,95.07249999999999
Justin Champagnie,94,37,49,86,9,0,9,11,25,36,80,15,9,4,8,45,1.1925
Justin Holiday,5242,1416,2775,3586,411,123,501,1034,1486,2354,1771,905,584,279,535,-1104,46.20750000000001
Justise Winslow,2968,876,1666,2109,268,217,422,241,404,606,1857,912,319,145,520,158,28.959999999999994
Jusuf Nurkic,5908,1811,2311,3528,921,569,1319,79,189,268,4141,1094,431,547,1022,628,63.45000000000001
Kai Jones,179,76,58,134,22,12,34,5,16,21,134,19,18,32,37,-46,2.035
Karl-Anthony Towns,12107,3042,4037,5888,1754,465,2095,861,1103,1835,5903,1664,419,701,1435,459,121.88500000000002
Kawhi Leonard,15336,3099,5542,6190,1812,521,2099,1219,1083,1765,5129,2290,1335,489,1286,4563,174.15249999999997
Keegan Murray,397,149,171,320,16,8,24,83,126,209,167,50,25,16,15,-4,4.16
Keita Bates-Diop,1503,563,613,1176,252,85,337,125,244,369,744,204,121,77,139,-523,13.78
Keldon Johnson,3698,1365,1553,2918,602,199,801,366,643,1009,1244,477,158,51,317,-521,29.429999999999996
Kelly Olynyk,7372,1827,2878,3838,926,322,1137,870,1118,1763,3675,1577,551,351,1109,726,77.95000000000002
Kelly Oubre Jr.,6867,2167,3228,4990,997,365,1319,825,1479,2215,2374,546,533,257,573,-1100,54.61750000000001
Kendrick Nunn,2485,971,1197,2168,186,25,211,357,642,999,507,485,143,39,278,-55,19.915
Kenneth Lofton Jr.,108,44,36,80,14,10,24,6,9,15,49,14,4,2,10,-15,0.9624999999999999
Kenrich Williams,1729,702,798,1500,105,97,202,220,405,625,1159,505,216,81,212,-193,20.0875
Kentavious Caldwell-Pope,9262,2132,4474,4907,821,288,987,1391,1577,2540,2496,1408,919,207,820,527,85.43750000000003
Kenyon Martin Jr.,2154,851,710,1561,289,140,429,163,317,480,991,272,105,111,189,-889,19.665000000000003
Keon Johnson,453,163,284,447,65,23,88,62,119,181,122,134,47,17,88,-434,2.115
Kessler Edwards,384,146,214,360,27,7,34,65,126,191,234,55,44,30,56,-55,3.6599999999999997
Kevin Durant,31905,4474,11097,8685,3023,1041,3404,2243,1562,2560,8301,4994,1235,1306,3667,5198,306.69
Kevin Huerter,4574,1727,2196,3923,302,94,396,818,1341,2159,1324,1170,356,148,497,-18,42.837500000000006
Kevin Knox II,2088,733,1162,1895,310,123,433,312,593,905,806,207,108,73,236,-1129,12.2775
Kevin Love,15930,2211,6778,5091,1433,756,1687,1742,1588,2536,9794,2177,600,395,1733,944,157.6525000000001
Kevin Porter Jr.,3008,1068,1412,2480,473,179,652,399,718,1117,842,987,216,61,564,-1135,22.247500000000002
Kevon Looney,2745,1114,821,1881,366,255,608,10,43,50,3031,835,273,290,314,1008,47.644999999999996
Khem Birch,1470,562,518,1080,330,138,468,16,58,74,1306,288,139,160,167,-167,18.832499999999996
Khris Middleton,13165,3579,5703,7836,1653,300,1877,1460,1803,2934,3783,2987,910,142,1638,2146,123.5175
Killian Hayes,1415,554,921,1475,163,40,203,144,381,525,500,885,209,73,367,-996,11.045000000000002
Kira Lewis Jr.,598,229,342,571,72,13,85,68,144,212,143,196,59,13,70,-22,4.99
Klay Thompson,17251,3241,7839,7164,671,283,797,2731,2024,3446,3187,2035,778,463,1495,4547,158.52999999999994
Kris Dunn,106,43,26,69,15,3,18,5,2,7,34,41,7,4,13,6,1.2774999999999999
Kristaps Porzingis,8039,2048,3429,4442,1214,333,1458,754,987,1553,3259,722,301,743,699,303,74.98500000000001
Kyle Anderson,4294,1392,1805,2831,525,260,744,267,453,688,2764,1592,642,376,620,464,56.82000000000001
Kyle Kuzma,6995,2640,3261,5901,882,332,1214,833,1654,2487,2680,1026,239,222,866,-282,55.8125
Kyle Lowry,17588,2645,7757,6273,1639,898,1946,2321,2237,3542,5287,7496,1589,364,2838,3051,188.105
Kyrie Irving,17550,3599,7246,7517,1504,376,1684,1746,1613,2647,2954,4253,994,333,1900,2002,160.76999999999998
KZ Okpala,222,85,124,209,24,12,36,28,71,99,148,47,23,26,28,-86,2.2
Lamar Stevens,881,348,397,745,132,53,185,53,133,186,470,102,75,50,91,-142,8.025
LaMelo Ball,3175,1137,1527,2664,440,92,532,461,760,1221,1039,1192,251,59,520,-141,29.482499999999998
Landry Shamet,2964,979,1441,2420,346,66,412,660,1052,1712,631,576,167,49,249,382,26.2175
Larry Nance Jr.,3802,1228,1335,2254,385,223,572,182,334,505,3056,895,559,252,457,-746,49.0175
Lauri Markkanen,6066,2117,2528,4645,999,165,1164,833,1415,2248,2486,480,231,179,484,-346,52.96
Leandro Bolmaro,56,20,54,74,11,2,13,5,17,22,50,28,9,1,20,5,0.3825
LeBron James,46862,5526,16894,10517,2592,3553,3560,2738,2036,3132,13265,12495,2667,1349,6010,8536,481.1875000000001
Lonnie Walker IV,2692,1003,1368,2371,325,82,407,361,672,1033,615,408,149,69,234,-547,19.2025
Lonzo Ball,2995,1117,1673,2790,166,121,287,595,1038,1633,1447,1563,391,162,637,70,33.6725
Louis King,129,48,67,115,13,7,20,20,37,57,44,25,12,4,8,-11,1.165
Luguentz Dort,2938,992,1540,2532,533,149,682,421,859,1280,848,363,199,70,296,-479,20.76750000000001
Luka Doncic,10064,3434,3928,7362,2168,783,2951,1028,1986,3014,3097,2880,415,159,1444,565,90.2075
Luka Garza,367,129,134,263,79,34,113,30,58,88,163,38,12,8,32,-45,3.1475
Luka Samanic,198,74,90,164,27,18,45,23,51,74,106,33,13,12,30,0,1.82
Luke Kennard,3684,1320,1567,2887,325,46,371,719,918,1637,1054,715,188,50,330,521,35.32000000000001
Luke Kornet,11,4,1,5,2,0,2,1,0,1,6,0,0,1,0,-5,0.135
Mac McClung,25,9,11,20,3,2,5,4,7,11,10,9,0,0,3,18,0.27499999999999997
Malachi Flynn,788,286,486,772,85,28,113,131,263,394,258,280,80,15,82,-162,6.682500000000003
Malaki Branham,203,82,111,193,18,2,20,21,55,76,61,27,6,0,20,-77,1.155
Malcolm Brogdon,6677,2162,2866,4665,912,145,1043,725,1028,1665,1845,2001,346,103,754,726,63.245000000000005
Malik Beasley,4710,1682,2367,4009,332,83,413,944,1542,2477,1184,562,261,55,353,-148,37.037499999999994
Malik Monk,4350,1551,2062,3613,584,101,685,664,1204,1868,958,950,216,100,549,-277,34.00500000000001
Marcus Morris Sr.,10490,2418,4989,5510,953,428,1175,1373,1461,2404,3902,1290,562,247,960,143,87.39000000000004
Marcus Smart,7518,1825,3974,4573,908,398,1153,1119,1672,2507,2527,3224,1058,265,1334,1750,81.89749999999998
MarJon Beauchamp,52,18,23,41,6,2,8,10,13,23,24,9,3,3,8,-29,0.42
Markelle Fultz,2306,960,1083,2043,305,107,412,81,204,285,667,987,238,56,397,-303,20.792500000000004
Markieff Morris,8322,1501,3996,3317,593,352,747,683,759,1169,3995,1244,610,403,1153,-201,72.88750000000002
Marko Simonovic,23,6,16,22,9,4,13,2,7,9,12,0,1,1,2,18,0.16500000000000004
Mark Williams,85,36,21,57,13,8,21,0,0,0,71,4,3,5,9,-33,0.8900000000000001
Marvin Bagley III,2774,1115,1087,2202,431,205,636,113,278,391,1498,190,104,140,260,-637,23.532499999999995
Mason Plumlee,6603,1721,1804,2749,834,1055,1478,2,28,30,5396,1968,576,679,1163,-826,83.55
Matisse Thybulle,1319,510,629,1139,87,49,136,212,428,640,553,278,419,240,152,73,19.085
Max Christie,13,5,6,11,2,2,4,1,3,4,8,5,0,1,0,12,0.185
Maxi Kleber,2761,976,1206,2182,317,89,406,492,876,1368,1842,436,162,353,262,132,33.537499999999994
Max Strus,2296,804,1112,1916,170,40,210,518,913,1431,658,358,103,45,161,69,21.005
McKinley Wright IV,119,48,53,101,13,6,19,10,20,30,47,61,8,5,20,-117,0.9925
Michael Carter-Williams,4160,793,2305,2004,501,368,699,185,340,461,1769,1755,510,222,946,-981,34.515
Michael Porter Jr.,3500,1314,1338,2652,333,87,420,539,785,1324,1454,258,148,130,256,1033,37.6425
Mikal Bridges,5665,2094,2152,4246,826,136,962,651,1078,1729,1752,1001,532,274,430,692,62.02250000000001
Mike Conley,16253,2355,7381,5413,1246,674,1503,1746,1451,2358,3327,6369,1535,229,2162,2210,159.03249999999994
Mike Muscala,3144,773,1335,1771,287,76,336,498,703,1132,1633,436,167,242,289,-5,33.1225
Miles McBride,314,110,217,327,36,18,54,58,147,205,94,114,51,10,30,145,3.245
Mitchell Robinson,2447,1048,431,1479,351,321,672,0,0,0,2377,190,262,583,209,-224,39.255
Mo Bamba,2052,797,881,1678,209,98,307,249,445,694,1591,246,100,367,227,-785,23.302500000000002
Monte Morris,4025,1586,1735,3321,404,90,494,449,717,1166,943,1533,297,66,308,462,42.75
Montrezl Harrell,6493,2334,1608,3793,1173,649,1755,10,72,81,2678,695,279,415,575,477,66.93750000000001
Moritz Wagner,2053,709,738,1447,441,98,539,194,415,609,930,297,121,76,269,-529,18.285
Moses Brown,707,275,207,482,157,121,278,0,0,0,671,16,43,78,81,-418,7.325000000000001
Moses Moody,641,226,255,481,80,27,107,109,171,280,224,86,33,24,52,-67,5.92
Moussa Diabate,6,3,4,7,0,0,0,0,0,0,5,1,2,2,0,-3,0.095
Myles Turner,6902,1863,2618,3766,878,373,1158,499,830,1289,3521,621,360,1179,718,273,76.67750000000001
Naji Marshall,1275,445,614,1059,269,78,347,116,290,406,575,344,114,33,184,-71,11.615000000000002
Nassir Little,1166,423,517,940,168,65,233,152,303,455,614,149,63,84,110,-308,10.804999999999998
Nathan Knight,407,131,149,280,127,47,174,18,54,72,220,43,26,26,55,-14,3.7850000000000006
Naz Reid,2495,954,940,1894,359,143,502,228,433,661,1094,255,136,228,270,-527,23.215
Neemias Queta,57,23,24,47,11,8,19,0,0,0,42,7,1,10,7,-37,0.51
Nerlens Noel,3406,640,1165,1085,261,318,374,3,11,13,2902,505,596,694,603,-1313,44.4375
Nic Claxton,1763,760,362,1122,241,218,459,2,12,14,1266,250,123,316,170,157,24.89
Nickeil Alexander-Walker,1883,693,1055,1748,197,79,276,300,584,884,529,467,147,76,277,-283,14.150000000000002
Nick Richards,697,261,151,412,174,63,237,1,1,2,513,53,20,92,86,-233,7.855
Nicolas Batum,11202,1608,5137,3610,518,314,639,1681,1278,2050,5295,3483,980,648,1661,1249,122.79250000000003
Nikola Jokic,13901,4569,4356,8294,2189,521,2637,716,1135,1782,7082,4450,785,481,1916,2953,170.3075
Nikola Jovic,2,1,3,4,0,0,0,0,2,2,5,0,0,0,0,4,0.024999999999999998
Nikola Vucevic,14303,3896,6238,7941,875,419,1096,712,1267,1949,8804,2356,720,746,1464,-1359,140.43249999999995
Norman Powell,6488,1890,2621,4022,959,244,1155,805,1077,1770,1425,816,438,147,658,90,54.17250000000003
Obi Toppin,1507,584,610,1194,160,48,208,179,374,553,645,181,73,64,128,247,14.937499999999996
Ochai Agbaji,235,81,116,197,35,5,40,38,71,109,46,38,6,9,23,-15,1.7325
OG Anunoby,4578,1725,1922,3647,494,174,668,634,1050,1684,1701,596,482,206,499,859,46.345
Omer Yurtseven,368,160,139,299,44,26,70,4,18,22,329,55,19,24,46,76,4.390000000000001
Onyeka Okongwu,1521,610,334,944,296,108,404,5,13,18,1135,163,121,225,169,47,20.5825
Oshae Brissett,1277,417,595,1012,276,108,384,167,318,485,717,141,100,63,105,-105,12.220000000000002
Otto Porter Jr.,5792,1228,2431,2592,319,162,399,723,634,1058,2829,858,638,236,428,890,65.89500000000002
Ousmane Dieng,70,27,43,70,9,3,12,7,30,37,36,16,4,1,11,16,0.555
Paolo Banchero,1406,470,631,1101,387,138,525,79,199,278,491,266,58,39,196,-219,10.120000000000001
Pascal Siakam,8870,3272,3585,6754,1575,472,2037,527,1116,1642,3420,1808,482,340,958,1819,90.8425
Pat Connaughton,3419,1198,1592,2717,230,68,296,673,1152,1802,1991,678,262,156,292,683,41.23750000000001
Patrick Baldwin Jr.,13,5,16,21,0,0,0,3,14,17,10,6,0,2,2,-2,0.075
Patrick Beverley,5601,1146,2793,2753,454,220,604,994,999,1596,2772,2205,726,350,792,1507,69.665
Patrick Williams,1700,645,709,1354,219,63,282,191,274,465,750,218,150,128,222,-571,15.2075
Patty Mills,8398,1921,4038,4532,527,139,610,1618,1746,2853,1572,2102,598,81,895,1937,79.05250000000001
Paul George,18784,3929,8225,8983,2356,686,2768,2293,2416,3914,5914,3392,1524,403,2508,3197,169.36500000000007
Paul Reed,590,263,198,461,59,28,87,5,18,23,529,72,104,89,82,-19,8.330000000000002
Payton Pritchard,1382,505,666,1171,83,12,95,289,447,736,439,383,84,18,151,164,14.280000000000003
PJ Dozier,739,285,421,706,82,42,124,87,195,282,352,211,66,37,100,47,6.902500000000002
P.J. Tucker,6511,1457,3184,3457,430,260,566,1015,1247,2013,5281,1349,1024,293,877,843,82.13499999999999
P.J. Washington,3354,1258,1532,2790,381,155,536,457,793,1250,1434,608,244,263,413,-384,31.675
Precious Achiuwa,1562,619,685,1304,232,152,384,92,195,287,1050,168,90,106,200,-109,14.657500000000002
Quentin Grimes,1120,391,492,883,100,28,128,238,395,633,348,207,87,42,107,150,11.2725
Raul Neto,2557,743,1161,1615,295,81,359,269,360,554,692,937,285,35,409,306,25.04
Reggie Bullock,4191,1363,2021,3208,272,61,327,916,1356,2205,1479,672,332,78,303,144,40.1075
Reggie Jackson,10767,2495,5402,5878,884,258,1025,1166,1517,2376,2501,3482,573,110,1548,743,87.84500000000001
Richaun Holmes,3735,1213,1006,1935,482,204,638,48,45,60,2248,413,223,407,361,-670,42.535
Ricky Rubio,7731,1650,3986,4174,1126,381,1334,651,943,1400,2896,5248,1247,98,1806,1004,89.38749999999997
RJ Barrett,5211,1864,2541,4405,1009,405,1414,474,919,1393,1560,820,198,72,606,-448,35.67500000000001
R.J. Hampton,1145,413,594,1007,187,88,275,132,254,386,460,299,90,32,182,-840,7.422499999999998
Robert Covington,6781,1450,3304,3478,476,212,584,1304,1443,2289,3450,910,949,589,881,291,73.24500000000002
Robert Williams III,1889,837,308,1145,215,104,319,0,7,7,1744,347,177,426,214,666,34.760000000000005
Robin Lopez,8618,1652,3085,2961,559,465,766,55,124,179,4859,832,229,1078,1090,-435,85.44000000000001
Rodney McGruder,1835,500,946,1182,118,79,170,303,395,628,893,383,161,50,190,-117,17.317499999999995
Romeo Langford,696,270,361,631,94,47,141,62,148,210,311,104,64,44,70,-168,5.815000000000001
Royce ONeale,3307,1174,1531,2705,301,88,389,658,1063,1721,2377,1142,398,198,516,1177,45.00250000000001
Rudy Gay,17914,2044,8248,4545,902,796,1101,1202,901,1376,6407,2312,1251,806,2282,-156,144.86249999999998
Rudy Gobert,9300,2573,1813,3843,1770,1379,2752,0,12,12,8570,956,504,1547,1211,2620,135.04500000000002
Rui Hachimura,2903,1144,1203,2347,411,121,532,204,358,562,1150,294,134,55,223,-558,23.550000000000004
Russell Westbrook,27449,4338,12737,9882,2328,1782,3230,1415,1612,2296,8828,10100,1989,384,4914,3085,242.18500000000012
Saben Lee,626,217,291,508,159,58,217,33,80,113,229,348,87,26,115,-199,6.4575
Saddiq Bey,3306,1106,1611,2717,547,101,648,547,966,1513,1149,455,201,44,230,-888,26.305000000000007
Sam Hauser,612,214,265,479,16,5,21,168,238,406,251,87,31,25,32,253,7.054999999999999
Sam Merrill,144,51,74,125,8,2,10,34,59,93,51,31,16,1,13,-60,1.2574999999999998
Sandro Mamukelashvili,417,154,191,345,57,22,79,52,99,151,267,84,23,21,50,-258,3.6550000000000002
Santi Aldama,867,315,375,690,130,48,178,107,222,329,484,125,54,58,78,68,9.167500000000002
Scottie Barnes,2373,944,1054,1998,362,117,479,123,308,431,1109,645,167,117,295,215,24.002499999999998
Serge Ibaka,12626,2398,4996,4667,676,459,871,707,707,1098,7472,855,434,2050,1325,2795,145.2475
Seth Curry,5282,1509,2111,3148,361,81,418,911,927,1653,1020,997,338,70,505,782,49.18000000000001
Shaedon Sharpe,367,136,153,289,45,14,59,50,83,133,97,62,20,10,46,-228,2.5
Shai Gilgeous-Alexander,6783,2366,2538,4904,1668,304,1972,383,709,1092,1478,1468,401,235,749,-343,58.975000000000016
Shake Milton,2542,937,1130,2067,400,81,481,268,454,722,645,724,133,67,317,202,22.7525
Simone Fontecchio,46,18,26,44,2,0,2,8,17,25,18,6,2,0,6,-14,0.29
Skylar Mays,306,115,121,236,42,5,47,34,57,91,82,99,30,3,30,-108,2.9149999999999996
Spencer Dinwiddie,6807,2016,3099,4799,1403,410,1763,790,1433,2173,1507,2548,349,135,863,-451,59.75999999999999
Stanley Johnson,2851,681,1619,1681,297,138,396,348,526,761,1424,685,384,106,484,-683,23.995000000000005
Stephen Curry,25858,4315,9904,9209,2184,434,2401,4055,3042,5159,5011,6698,1653,253,3289,6669,275.94000000000005
Sterling Brown,1494,552,769,1321,134,36,170,256,456,712,932,290,151,52,188,-96,15.132500000000007
Steven Adams,7027,2009,2039,3386,759,1019,1470,1,13,14,6274,1143,654,734,1093,2192,93.90000000000002
Svi Mykhailiuk,1680,590,881,1471,166,51,217,334,598,932,453,353,147,25,227,-340,12.780000000000001
Taj Gibson,8809,1661,3388,3063,681,596,903,52,119,167,5916,958,548,1011,1078,595,95.75500000000005
Talen Horton-Tucker,1954,736,970,1706,331,100,431,151,388,539,598,594,174,80,322,-112,16.41
Taurean Prince,4536,1472,2199,3489,525,133,639,718,1144,1826,1623,751,349,177,665,-798,36.31000000000002
Terance Mann,2346,891,883,1774,342,98,440,222,352,574,1066,568,152,67,235,208,25.160000000000007
Terence Davis,1885,683,889,1572,175,35,210,344,593,937,646,318,153,51,233,278,17.452500000000004
Terrence Ross,8397,1937,4293,4671,684,177,805,1387,1599,2485,2155,963,618,248,744,-495,65.37500000000001
Terry Rozier,7859,2624,4001,6241,908,218,1105,1193,1909,3021,2325,1992,555,144,757,-614,67.75999999999999
Thaddeus Young,14630,2428,6280,4900,471,760,747,533,677,998,6841,2170,1654,474,1696,-441,137.1425
Thanasis Antetokounmpo,463,185,185,369,78,65,143,9,52,61,308,102,54,29,96,-284,3.922500000000001
Theo Maledon,1314,447,738,1185,243,66,309,177,381,558,465,490,124,34,265,-968,8.557500000000001
Thomas Bryant,2312,926,623,1549,342,110,452,118,204,322,1310,250,77,177,183,-459,25.095000000000002
Tim Hardaway Jr.,9491,2491,4598,5962,1009,330,1243,1520,2081,3277,1970,1259,423,96,704,-277,71.16750000000003
T.J. McConnell,4035,1358,1724,2585,213,87,270,141,172,274,1708,2841,702,105,919,-673,50.144999999999996
T.J. Warren,5552,1613,2254,3218,523,191,662,277,394,621,1525,452,359,184,373,-992,44.07
Tobias Harris,14319,3805,6018,7906,1387,429,1641,1207,1461,2351,5540,2083,675,467,1241,233,129.56749999999994
Tony Bradley,813,354,210,564,99,46,145,6,6,12,757,92,44,101,105,68,10.975000000000001
Torrey Craig,2642,1015,1210,2225,216,97,313,396,731,1127,1749,446,220,246,286,-682,28.650000000000006
Trae Young,9769,3123,4060,7183,2554,369,2923,969,1818,2787,1410,3565,378,56,1592,-148,79.03249999999998
Tre Jones,1382,544,616,1160,236,46,282,58,156,214,421,720,139,16,169,-424,13.989999999999998
Tre Mann,1142,428,661,1089,107,30,137,179,350,529,326,211,87,23,133,-221,7.927500000000001
Trendon Watford,823,323,267,590,143,51,194,34,68,102,437,211,57,40,115,-530,7.692500000000001
Trent Forrest,339,135,155,290,59,11,70,10,45,55,180,189,46,12,84,-41,3.725
Trey Lyles,4118,1158,1881,2535,532,217,705,491,736,1115,2296,551,205,187,444,-258,38.057500000000005
Trey Murphy III,1513,505,594,1099,221,25,246,282,420,702,443,153,115,51,78,69,15.109999999999998
Tristan Thompson,7257,1397,2659,2713,629,934,1008,10,21,31,6853,795,394,570,900,-813,84.71500000000005
Troy Brown Jr.,1983,755,1013,1768,210,62,272,263,495,758,1176,462,215,40,208,-277,19.945000000000004
Ty Jerome,1104,408,562,970,114,24,138,174,320,494,293,408,88,19,132,-335,9.544999999999998
Tyler Herro,4845,1776,2290,4066,620,86,706,673,1119,1792,1361,976,182,60,593,231,39.400000000000006
Tyrese Haliburton,3097,1135,1238,2373,384,65,449,443,647,1090,697,1533,304,102,432,-546,33.7725
Tyrese Maxey,3541,1311,1455,2766,538,89,627,381,558,939,636,737,155,66,244,394,31.724999999999998
TyTy Washington Jr.,8,3,4,7,0,2,2,2,2,4,4,0,2,0,0,12,0.11499999999999999
Tyus Jones,3786,1328,1915,3037,365,95,439,442,720,1120,1072,2198,551,41,422,315,45.2025
Udoka Azubuike,221,100,30,130,21,20,41,0,0,0,204,11,8,30,33,-143,2.6174999999999997
Udonis Haslem,7419,137,3155,320,48,468,77,9,33,39,6614,815,482,293,928,423,80.93249999999999
Usman Garuba,273,105,116,221,34,20,54,29,50,79,390,81,54,40,53,-220,4.135
Vernon Carey Jr.,72,27,30,57,17,9,26,1,6,7,50,5,5,8,10,-66,0.5400000000000001
Victor Oladipo,8976,1956,4282,4541,964,415,1243,875,1077,1640,2404,2068,862,241,1337,-27,73.77750000000003
Vit Krejci,223,83,121,204,20,4,24,37,82,119,127,74,24,9,34,-182,1.9075000000000002
Vlatko Cancar,475,174,191,365,65,12,77,62,111,173,222,117,37,21,65,-166,4.575000000000001
Walker Kessler,227,102,38,140,22,26,48,1,2,3,202,26,5,61,17,28,3.6525
Wendell Carter Jr.,3344,1274,1194,2468,619,226,845,177,374,551,2300,536,160,212,438,-739,34.10250000000001
Wesley Matthews,11754,1556,5571,3831,667,391,811,1929,1467,2323,2895,1897,976,213,1132,802,100.94
Will Barton,7885,1952,3888,4545,646,303,818,928,1216,1918,2902,1860,513,285,978,-52,69.17500000000004
Willie Cauley-Stein,3690,1129,1304,2075,392,358,658,6,22,28,2486,601,351,339,387,-546,41.46
Willy Hernangomez,2526,743,856,1388,451,217,637,37,75,108,1984,364,145,134,347,-210,27.075
Xavier Tillman,1165,496,400,896,135,89,224,38,98,136,805,259,162,82,138,-56,14.5475
Yuta Watanabe,785,282,361,643,92,44,136,129,202,331,444,122,71,54,70,-81,8.285
Zach Collins,1967,748,823,1571,310,102,412,161,315,476,1239,400,107,197,345,-207,19.900000000000002
Zach LaVine,11481,3059,4718,6492,1626,409,1943,1248,1516,2467,2250,2217,498,164,1480,-1693,85.24500000000003
Zeke Nnaji,698,261,232,493,94,50,144,82,130,212,350,45,43,39,60,-203,6.675
Ziaire Williams,785,300,379,679,72,18,90,113,265,378,226,107,54,18,82,1,6.345000000000001
Zion Williamson,2965,1141,745,1886,660,295,955,23,44,67,796,410,105,64,328,283,26.615000000000002
